{
    "key": "group_5c111e2919835",
    "title": "Feat Image",
    "fields": [
        {
            "key": "field_5c111e291d207",
            "label": "",
            "name": "dist_film_featured",
            "type": "true_false",
            "instructions": "Feat Film on Distribution page?",
            "required": 0,
            "conditional_logic": 0,
            "wrapper": {
                "width": "",
                "class": "",
                "id": ""
            },
            "message": "",
            "default_value": 0,
            "ui": 1,
            "ui_on_text": "",
            "ui_off_text": ""
        }
    ],
    "location": [
        [
            {
                "param": "post_taxonomy",
                "operator": "==",
                "value": "category:distribution"
            },
            {
                "param": "post_taxonomy",
                "operator": "==",
                "value": "category:film"
            }
        ]
    ],
    "menu_order": 0,
    "position": "side",
    "style": "default",
    "label_placement": "top",
    "instruction_placement": "label",
    "hide_on_screen": "",
    "active": 1,
    "description": "Feat Film on Distribution page",
    "modified": 1603474543
}