{
    "key": "group_5c113370b8915",
    "title": "Feat Image",
    "fields": [
        {
            "key": "field_5c113370bc544",
            "label": "",
            "name": "production_special_featured",
            "type": "true_false",
            "instructions": "Feature on the Productions \/ Specials page?",
            "required": 0,
            "conditional_logic": 0,
            "wrapper": {
                "width": "",
                "class": "",
                "id": ""
            },
            "message": "",
            "default_value": 0,
            "ui": 1,
            "ui_on_text": "",
            "ui_off_text": ""
        }
    ],
    "location": [
        [
            {
                "param": "post_taxonomy",
                "operator": "==",
                "value": "category:production"
            },
            {
                "param": "post_taxonomy",
                "operator": "==",
                "value": "category:special-production"
            }
        ]
    ],
    "menu_order": 0,
    "position": "side",
    "style": "seamless",
    "label_placement": "top",
    "instruction_placement": "label",
    "hide_on_screen": "",
    "active": 1,
    "description": "Feature on the Productions>Specials page?",
    "modified": 1603474586
}