{
    "key": "group_5c041a41aa4e2",
    "title": "Home Slider Settings",
    "fields": [
        {
            "key": "field_5d9f40995bf14",
            "label": "",
            "name": "",
            "type": "message",
            "instructions": "",
            "required": 0,
            "conditional_logic": 0,
            "wrapper": {
                "width": "",
                "class": "",
                "id": ""
            },
            "message": "<hr>\r\n<h3>Home Slider Settings<\/h3>",
            "new_lines": "wpautop",
            "esc_html": 0
        },
        {
            "key": "field_5c041a515ebab",
            "label": "Slider Background",
            "name": "home_image",
            "type": "image",
            "instructions": "Background image for homepage slider.",
            "required": 0,
            "conditional_logic": 0,
            "wrapper": {
                "width": "",
                "class": "",
                "id": ""
            },
            "return_format": "array",
            "preview_size": "thumbnail",
            "library": "all",
            "min_width": "",
            "min_height": "",
            "min_size": "",
            "max_width": "",
            "max_height": "",
            "max_size": "",
            "mime_types": ""
        },
        {
            "key": "field_5d9ba42403875",
            "label": "Link Change?",
            "name": "home_link_change",
            "type": "link",
            "instructions": "Want the home slider to link elsewhere than this post's page? Paste the URL here.",
            "required": 0,
            "conditional_logic": 0,
            "wrapper": {
                "width": "",
                "class": "",
                "id": ""
            },
            "return_format": "url"
        },
        {
            "key": "field_5d9f4150c925c",
            "label": "Slide small image size",
            "name": "feat_width",
            "type": "range",
            "instructions": "",
            "required": 0,
            "conditional_logic": 0,
            "wrapper": {
                "width": "",
                "class": "",
                "id": ""
            },
            "default_value": 75,
            "min": "",
            "max": "",
            "step": 5,
            "prepend": "",
            "append": "% width"
        }
    ],
    "location": [
        [
            {
                "param": "post_type",
                "operator": "==",
                "value": "catalog"
            }
        ]
    ],
    "menu_order": 9,
    "position": "side",
    "style": "default",
    "label_placement": "top",
    "instruction_placement": "label",
    "hide_on_screen": "",
    "active": 1,
    "description": "",
    "modified": 1603475000
}