{
    "key": "group_5d2f4eada535a",
    "title": "Page - Home Design",
    "fields": [
        {
            "key": "field_5d2f4eada91d7",
            "label": "Home Logo Color",
            "name": "home_logo_color",
            "type": "color_picker",
            "instructions": "",
            "required": 0,
            "conditional_logic": 0,
            "wrapper": {
                "width": "",
                "class": "",
                "id": ""
            },
            "default_value": "#ffffff"
        },
        {
            "key": "field_5d2f4eada9206",
            "label": "Number of Background Squares",
            "name": "range",
            "type": "range",
            "instructions": "",
            "required": 0,
            "conditional_logic": 0,
            "wrapper": {
                "width": "",
                "class": "",
                "id": ""
            },
            "default_value": "",
            "min": "",
            "max": "",
            "step": "",
            "prepend": "",
            "append": ""
        },
        {
            "key": "field_5d2f4eada9235",
            "label": "Carousel Posts",
            "name": "home_feat_posts",
            "type": "post_object",
            "instructions": "",
            "required": 0,
            "conditional_logic": 0,
            "wrapper": {
                "width": "",
                "class": "",
                "id": ""
            },
            "post_type": [
                "catalog"
            ],
            "taxonomy": "",
            "allow_null": 0,
            "multiple": 1,
            "return_format": "object",
            "ui": 1
        },
        {
            "key": "field_5f7e0bfcd07b5",
            "label": "Circle posts",
            "name": "home_circle_post",
            "type": "post_object",
            "instructions": "",
            "required": 1,
            "conditional_logic": 0,
            "wrapper": {
                "width": "",
                "class": "",
                "id": ""
            },
            "post_type": [
                "catalog"
            ],
            "taxonomy": "",
            "allow_null": 0,
            "multiple": 1,
            "return_format": "object",
            "ui": 1
        },
        {
            "key": "field_5d9e88607a48d",
            "label": "Slider Speed",
            "name": "slider_speed",
            "type": "range",
            "instructions": "",
            "required": 0,
            "conditional_logic": 0,
            "wrapper": {
                "width": "",
                "class": "",
                "id": ""
            },
            "default_value": 2,
            "min": "",
            "max": 10,
            "step": "",
            "prepend": "",
            "append": "seconds"
        },
        {
            "key": "field_5d2f7a77497d1",
            "label": "Press Posts",
            "name": "press_posts",
            "type": "post_object",
            "instructions": "",
            "required": 0,
            "conditional_logic": 0,
            "wrapper": {
                "width": "",
                "class": "",
                "id": ""
            },
            "post_type": [
                "press"
            ],
            "taxonomy": "",
            "allow_null": 0,
            "multiple": 1,
            "return_format": "object",
            "ui": 1
        },
        {
            "key": "field_5d2f4eada924d",
            "label": "Top Background Overlay Color",
            "name": "background_overlay_color",
            "type": "rgba_color",
            "instructions": "Primary Blue: #4591E5",
            "required": 0,
            "conditional_logic": 0,
            "wrapper": {
                "width": "",
                "class": "",
                "id": ""
            },
            "rgba": "",
            "return_value": 0,
            "ext_value": []
        },
        {
            "key": "field_5d2f4eada9263",
            "label": "Bottom Background Overlay Color",
            "name": "bottom_background_overlay_color",
            "type": "rgba_color",
            "instructions": "Primary Blue: #4591E5",
            "required": 0,
            "conditional_logic": 0,
            "wrapper": {
                "width": "",
                "class": "",
                "id": ""
            },
            "rgba": "",
            "return_value": 0,
            "ext_value": []
        }
    ],
    "location": [
        [
            {
                "param": "page",
                "operator": "==",
                "value": "44901"
            }
        ],
        [
            {
                "param": "page",
                "operator": "==",
                "value": "694"
            }
        ]
    ],
    "menu_order": 0,
    "position": "side",
    "style": "default",
    "label_placement": "top",
    "instruction_placement": "label",
    "hide_on_screen": "",
    "active": 1,
    "description": "",
    "modified": 1603474690
}