{
    "key": "group_5c190178f00a5",
    "title": "Press Release",
    "fields": [
        {
            "key": "field_5c549f083ccfb",
            "label": "Title & Location",
            "name": "",
            "type": "tab",
            "instructions": "",
            "required": 0,
            "conditional_logic": 0,
            "wrapper": {
                "width": "",
                "class": "",
                "id": ""
            },
            "placement": "left",
            "endpoint": 0
        },
        {
            "key": "field_5c19017900cab",
            "label": "",
            "name": "title",
            "type": "wysiwyg",
            "instructions": "Same as the 1st title. This is how the title shows on the actual Press Release page. So you can add italics if needed.",
            "required": 0,
            "conditional_logic": 0,
            "wrapper": {
                "width": "75",
                "class": "",
                "id": ""
            },
            "default_value": "",
            "tabs": "all",
            "toolbar": "basic",
            "media_upload": 0,
            "delay": 0
        },
        {
            "key": "field_5c19017900cc6",
            "label": "Location",
            "name": "location",
            "type": "text",
            "instructions": "",
            "required": 0,
            "conditional_logic": 0,
            "wrapper": {
                "width": "25",
                "class": "",
                "id": ""
            },
            "default_value": "Los Angeles, CA",
            "placeholder": "",
            "prepend": "",
            "append": "",
            "maxlength": ""
        },
        {
            "key": "field_5c549f2f3ccfc",
            "label": "Callout",
            "name": "",
            "type": "tab",
            "instructions": "",
            "required": 0,
            "conditional_logic": 0,
            "wrapper": {
                "width": "",
                "class": "",
                "id": ""
            },
            "placement": "left",
            "endpoint": 0
        },
        {
            "key": "field_5c19017900cdb",
            "label": "",
            "name": "intro",
            "type": "wysiwyg",
            "instructions": "Blue callout text with yellow lines above and below.",
            "required": 0,
            "conditional_logic": 0,
            "wrapper": {
                "width": "100",
                "class": "",
                "id": ""
            },
            "default_value": "",
            "tabs": "visual",
            "toolbar": "basic",
            "media_upload": 0,
            "delay": 0
        }
    ],
    "location": [
        [
            {
                "param": "post_type",
                "operator": "==",
                "value": "press_release"
            }
        ],
        [
            {
                "param": "post_type",
                "operator": "==",
                "value": "press"
            }
        ]
    ],
    "menu_order": 0,
    "position": "acf_after_title",
    "style": "default",
    "label_placement": "top",
    "instruction_placement": "field",
    "hide_on_screen": "",
    "active": 1,
    "description": "",
    "modified": 1603474822
}