{
    "key": "group_5c031ae0cb869",
    "title": "Page - About Design",
    "fields": [
        {
            "key": "field_5cef2c31a9804",
            "label": "Number of Background Squares",
            "name": "range",
            "type": "range",
            "instructions": "",
            "required": 0,
            "conditional_logic": 0,
            "wrapper": {
                "width": "",
                "class": "",
                "id": ""
            },
            "default_value": "",
            "min": "",
            "max": "",
            "step": "",
            "prepend": "",
            "append": ""
        },
        {
            "key": "field_5c031ae5a7797",
            "label": "Carousel Posts",
            "name": "home_feat_posts",
            "type": "post_object",
            "instructions": "",
            "required": 0,
            "conditional_logic": 0,
            "wrapper": {
                "width": "",
                "class": "",
                "id": ""
            },
            "post_type": [
                "catalog"
            ],
            "taxonomy": "",
            "allow_null": 0,
            "multiple": 1,
            "return_format": "object",
            "ui": 1
        },
        {
            "key": "field_5cef343f01239",
            "label": "Top Background Overlay Opacity",
            "name": "background_overlay_color",
            "type": "range",
            "instructions": "",
            "required": 0,
            "conditional_logic": 0,
            "wrapper": {
                "width": "",
                "class": "",
                "id": ""
            },
            "default_value": 5,
            "min": "",
            "max": 9,
            "step": "",
            "prepend": "",
            "append": ""
        },
        {
            "key": "field_5cf6837656272",
            "label": "Bottom Background Overlay Opacity",
            "name": "bottom_background_overlay_color",
            "type": "range",
            "instructions": "",
            "required": 0,
            "conditional_logic": 0,
            "wrapper": {
                "width": "",
                "class": "",
                "id": ""
            },
            "default_value": 5,
            "min": "",
            "max": 9,
            "step": "",
            "prepend": "",
            "append": ""
        }
    ],
    "location": [
        [
            {
                "param": "page_template",
                "operator": "==",
                "value": "page-templates\/front-grid.php"
            }
        ]
    ],
    "menu_order": 0,
    "position": "side",
    "style": "default",
    "label_placement": "top",
    "instruction_placement": "label",
    "hide_on_screen": "",
    "active": 1,
    "description": "front-grid.php fields",
    "modified": 1603474680
}