{
    "key": "group_5c8270931ce84",
    "title": "Social Icons",
    "fields": [
        {
            "key": "field_5c82709322e97",
            "label": "",
            "name": "social_media",
            "type": "repeater",
            "instructions": "",
            "required": 0,
            "conditional_logic": 0,
            "wrapper": {
                "width": "",
                "class": "",
                "id": ""
            },
            "collapsed": "",
            "min": 0,
            "max": 0,
            "layout": "table",
            "button_label": "",
            "sub_fields": [
                {
                    "key": "field_5c82709326c4e",
                    "label": "Social Channel",
                    "name": "social_channel",
                    "type": "select",
                    "instructions": "",
                    "required": 0,
                    "conditional_logic": 0,
                    "wrapper": {
                        "width": "",
                        "class": "",
                        "id": ""
                    },
                    "choices": {
                        "facebook": "Facebook",
                        "flickr": "Flickr",
                        "instagram": "Instagram",
                        "linkedin": "LinkedIn",
                        "pinterest": "Pinterest",
                        "skype": "Skype",
                        "soundcloud": "Soundcloud",
                        "spotify": "Spotify",
                        "tumblr": "Tumblr",
                        "twitter": "Twitter",
                        "vimeo": "Vimeo",
                        "youtube": "YouTube"
                    },
                    "default_value": false,
                    "allow_null": 0,
                    "multiple": 0,
                    "ui": 0,
                    "return_format": "value",
                    "ajax": 0,
                    "placeholder": ""
                },
                {
                    "key": "field_5c82709326c71",
                    "label": "Social URL",
                    "name": "social_url",
                    "type": "url",
                    "instructions": "",
                    "required": 0,
                    "conditional_logic": 0,
                    "wrapper": {
                        "width": "",
                        "class": "",
                        "id": ""
                    },
                    "default_value": "",
                    "placeholder": ""
                }
            ]
        }
    ],
    "location": [
        [
            {
                "param": "page_template",
                "operator": "==",
                "value": "page-templates\/about.php"
            }
        ],
        [
            {
                "param": "post_template",
                "operator": "==",
                "value": "page-templates\/contact.php"
            }
        ]
    ],
    "menu_order": 0,
    "position": "normal",
    "style": "default",
    "label_placement": "top",
    "instruction_placement": "label",
    "hide_on_screen": "",
    "active": 1,
    "description": "",
    "modified": 1603474891
}