{
    "key": "group_5c16a9a3e5f22",
    "title": "Widget",
    "fields": [
        {
            "key": "field_5f7535171d82f",
            "label": "Facebook",
            "name": "facebook",
            "type": "url",
            "instructions": "",
            "required": 0,
            "conditional_logic": 0,
            "wrapper": {
                "width": "",
                "class": "",
                "id": ""
            },
            "default_value": "",
            "placeholder": ""
        },
        {
            "key": "field_5f7b9798cc4d1",
            "label": "Twitter",
            "name": "twitter",
            "type": "url",
            "instructions": "",
            "required": 0,
            "conditional_logic": 0,
            "wrapper": {
                "width": "",
                "class": "",
                "id": ""
            },
            "default_value": "",
            "placeholder": ""
        },
        {
            "key": "field_5f7538318e2e2",
            "label": "Instagram",
            "name": "instagram",
            "type": "url",
            "instructions": "",
            "required": 0,
            "conditional_logic": 0,
            "wrapper": {
                "width": "",
                "class": "",
                "id": ""
            },
            "default_value": "",
            "placeholder": ""
        },
        {
            "key": "field_5f75383a8e2e3",
            "label": "YouTube",
            "name": "youtube",
            "type": "url",
            "instructions": "",
            "required": 0,
            "conditional_logic": 0,
            "wrapper": {
                "width": "",
                "class": "",
                "id": ""
            },
            "default_value": "",
            "placeholder": ""
        },
        {
            "key": "field_5f7538428e2e4",
            "label": "Soundcloud",
            "name": "soundcloud",
            "type": "url",
            "instructions": "",
            "required": 0,
            "conditional_logic": 0,
            "wrapper": {
                "width": "",
                "class": "",
                "id": ""
            },
            "default_value": "",
            "placeholder": ""
        },
        {
            "key": "field_5f75384d8e2e5",
            "label": "Spotify",
            "name": "spotify",
            "type": "url",
            "instructions": "",
            "required": 0,
            "conditional_logic": 0,
            "wrapper": {
                "width": "",
                "class": "",
                "id": ""
            },
            "default_value": "",
            "placeholder": ""
        },
        {
            "key": "field_5f7b7e91b7548",
            "label": "Show Contact Modal",
            "name": "show_contact_modal",
            "type": "true_false",
            "instructions": "",
            "required": 0,
            "conditional_logic": 0,
            "wrapper": {
                "width": "",
                "class": "",
                "id": ""
            },
            "message": "",
            "default_value": 0,
            "ui": 1,
            "ui_on_text": "",
            "ui_off_text": ""
        },
        {
            "key": "field_5f7b7eea3daef",
            "label": "Contact Modal",
            "name": "contact_modal",
            "type": "wysiwyg",
            "instructions": "Copy and paste the Ninja Forms shortcode below.",
            "required": 0,
            "conditional_logic": [
                [
                    {
                        "field": "field_5f7b7e91b7548",
                        "operator": "==",
                        "value": "1"
                    }
                ]
            ],
            "wrapper": {
                "width": "",
                "class": "",
                "id": ""
            },
            "default_value": "",
            "tabs": "all",
            "toolbar": "full",
            "media_upload": 1,
            "delay": 0
        }
    ],
    "location": [
        [
            {
                "param": "widget",
                "operator": "==",
                "value": "nav_menu"
            }
        ]
    ],
    "menu_order": 0,
    "position": "normal",
    "style": "default",
    "label_placement": "top",
    "instruction_placement": "label",
    "hide_on_screen": "",
    "active": 1,
    "description": "social_media, Repeater, Options Page",
    "modified": 1603474914
}