{
    "key": "group_5f50f6fe19cf2",
    "title": "Main Talent",
    "fields": [
        {
            "key": "field_5f6515b41d5fd",
            "label": "Hero video",
            "name": "",
            "type": "tab",
            "instructions": "",
            "required": 0,
            "conditional_logic": 0,
            "wrapper": {
                "width": "",
                "class": "",
                "id": ""
            },
            "placement": "top",
            "endpoint": 0
        },
        {
            "key": "field_5f5906e4648b9",
            "label": "Top hero video",
            "name": "main_talent_hero_video",
            "type": "url",
            "instructions": "** optional. by default the latest published catalog item's video by this artist will display.",
            "required": 0,
            "conditional_logic": 0,
            "wrapper": {
                "width": "",
                "class": "",
                "id": ""
            },
            "default_value": "",
            "placeholder": ""
        },
        {
            "key": "field_5f6515741d5fb",
            "label": "Start hero video",
            "name": "start_hero_video",
            "type": "range",
            "instructions": "",
            "required": 0,
            "conditional_logic": 0,
            "wrapper": {
                "width": "15",
                "class": "",
                "id": ""
            },
            "default_value": 20,
            "min": "",
            "max": 500,
            "step": "",
            "prepend": "",
            "append": ""
        },
        {
            "key": "field_5f65159a1d5fc",
            "label": "End hero video",
            "name": "end_hero_video",
            "type": "range",
            "instructions": "",
            "required": 0,
            "conditional_logic": 0,
            "wrapper": {
                "width": "15",
                "class": "",
                "id": ""
            },
            "default_value": 5000,
            "min": "",
            "max": 10000,
            "step": "",
            "prepend": "",
            "append": ""
        },
        {
            "key": "field_5f6515ea1d5fe",
            "label": "Latest video",
            "name": "",
            "type": "tab",
            "instructions": "",
            "required": 0,
            "conditional_logic": 0,
            "wrapper": {
                "width": "",
                "class": "",
                "id": ""
            },
            "placement": "top",
            "endpoint": 0
        },
        {
            "key": "field_5f63efb726eec",
            "label": "Latest Video",
            "name": "latest_video",
            "type": "text",
            "instructions": "!!! this will overwrite the latest video.",
            "required": 0,
            "conditional_logic": 0,
            "wrapper": {
                "width": "50",
                "class": "",
                "id": ""
            },
            "default_value": "",
            "placeholder": "",
            "prepend": "",
            "append": "",
            "maxlength": ""
        },
        {
            "key": "field_5f7f2e96ba5b0",
            "label": "Latest Video Title",
            "name": "latest_video_title",
            "type": "text",
            "instructions": "provide a title for this video",
            "required": 0,
            "conditional_logic": [
                [
                    {
                        "field": "field_5f63efb726eec",
                        "operator": "!=empty"
                    }
                ]
            ],
            "wrapper": {
                "width": "50",
                "class": "",
                "id": ""
            },
            "default_value": "",
            "placeholder": "",
            "prepend": "",
            "append": "",
            "maxlength": ""
        },
        {
            "key": "field_5f63f503ce2f6",
            "label": "Start video",
            "name": "start_latest_video",
            "type": "range",
            "instructions": "",
            "required": 0,
            "conditional_logic": 0,
            "wrapper": {
                "width": "15",
                "class": "",
                "id": ""
            },
            "default_value": 20,
            "min": "",
            "max": 500,
            "step": "",
            "prepend": "",
            "append": ""
        },
        {
            "key": "field_5f63f7c4e0365",
            "label": "End video",
            "name": "end_latest_video",
            "type": "range",
            "instructions": "",
            "required": 0,
            "conditional_logic": 0,
            "wrapper": {
                "width": "15",
                "class": "",
                "id": ""
            },
            "default_value": 5000,
            "min": "",
            "max": 10000,
            "step": "",
            "prepend": "",
            "append": ""
        },
        {
            "key": "field_5f6515f91d5ff",
            "label": "Bio",
            "name": "",
            "type": "tab",
            "instructions": "",
            "required": 0,
            "conditional_logic": 0,
            "wrapper": {
                "width": "",
                "class": "",
                "id": ""
            },
            "placement": "top",
            "endpoint": 0
        },
        {
            "key": "field_5f63e3c05d725",
            "label": "Bio",
            "name": "bio",
            "type": "wysiwyg",
            "instructions": "",
            "required": 0,
            "conditional_logic": 0,
            "wrapper": {
                "width": "",
                "class": "",
                "id": ""
            },
            "default_value": "",
            "tabs": "all",
            "toolbar": "full",
            "media_upload": 1,
            "delay": 0
        },
        {
            "key": "field_5f50f70b169de",
            "label": "Profile Pic",
            "name": "profile_pic",
            "type": "image",
            "instructions": "",
            "required": 0,
            "conditional_logic": 0,
            "wrapper": {
                "width": "",
                "class": "",
                "id": ""
            },
            "return_format": "array",
            "preview_size": "medium",
            "library": "all",
            "min_width": "",
            "min_height": "",
            "min_size": "",
            "max_width": "",
            "max_height": "",
            "max_size": "",
            "mime_types": ""
        },
        {
            "key": "field_5f90bd33d68e0",
            "label": "Additional Info",
            "name": "",
            "type": "tab",
            "instructions": "",
            "required": 0,
            "conditional_logic": 0,
            "wrapper": {
                "width": "",
                "class": "",
                "id": ""
            },
            "placement": "top",
            "endpoint": 0
        },
        {
            "key": "field_5f90bd4ed68e1",
            "label": "Additional Info",
            "name": "wysiwyg",
            "type": "wysiwyg",
            "instructions": "If you would like to embed an artist's Spotify playlist. <a href=\"https:\/\/developer.spotify.com\/documentation\/widgets\/generate\/embed\/\" target=\"_blank\">Visit here<\/a>, paste in the URL from the \"Copy playlist link\" dropdown on Spotify, copy the embed code and paste it in the editor. <strong>**make sure you paste the embed code into the \"Text\" editor, not \"Visual\".<\/strong>",
            "required": 0,
            "conditional_logic": 0,
            "wrapper": {
                "width": "",
                "class": "",
                "id": ""
            },
            "default_value": "",
            "tabs": "all",
            "toolbar": "full",
            "media_upload": 1,
            "delay": 0
        }
    ],
    "location": [
        [
            {
                "param": "taxonomy",
                "operator": "==",
                "value": "main_talent"
            }
        ],
        [
            {
                "param": "taxonomy",
                "operator": "==",
                "value": "producers"
            }
        ],
        [
            {
                "param": "taxonomy",
                "operator": "==",
                "value": "directors"
            }
        ],
        [
            {
                "param": "taxonomy",
                "operator": "==",
                "value": "writers"
            }
        ]
    ],
    "menu_order": 0,
    "position": "normal",
    "style": "default",
    "label_placement": "top",
    "instruction_placement": "label",
    "hide_on_screen": "",
    "active": 1,
    "description": "",
    "modified": 1603474633
}