{
    "key": "group_5c12eb70e3c33",
    "title": "Extras",
    "fields": [
        {
            "key": "field_5c82913cb8ee3",
            "label": "Full Width Content",
            "name": "full_width_content",
            "type": "wysiwyg",
            "instructions": "A title or any content you would like full width.",
            "required": 0,
            "conditional_logic": 0,
            "wrapper": {
                "width": "",
                "class": "short-title",
                "id": ""
            },
            "default_value": "",
            "tabs": "visual",
            "toolbar": "basic",
            "media_upload": 1,
            "delay": 0
        },
        {
            "key": "field_5c82917e018ef",
            "label": "",
            "name": "",
            "type": "message",
            "instructions": "",
            "required": 0,
            "conditional_logic": 0,
            "wrapper": {
                "width": "",
                "class": "",
                "id": ""
            },
            "message": "You can build your own style of an Instagram widget at https:\/\/snapwidget.com\/.\r\nCopy and paste the code snippet provided into either of the below fields.\r\n\r\nIf you have any questions email me at carl.hartman11@gmail.com.",
            "new_lines": "wpautop",
            "esc_html": 0
        },
        {
            "key": "field_5c130fb8f8b25",
            "label": "Left Content",
            "name": "left_content",
            "type": "wysiwyg",
            "instructions": "",
            "required": 0,
            "conditional_logic": 0,
            "wrapper": {
                "width": "50",
                "class": "",
                "id": ""
            },
            "default_value": "",
            "tabs": "all",
            "toolbar": "full",
            "media_upload": 1,
            "delay": 0
        },
        {
            "key": "field_5c130c03f0570",
            "label": "Right Content",
            "name": "right_content",
            "type": "textarea",
            "instructions": "",
            "required": 0,
            "conditional_logic": 0,
            "wrapper": {
                "width": "50",
                "class": "",
                "id": ""
            },
            "default_value": "",
            "placeholder": "",
            "maxlength": "",
            "rows": "",
            "new_lines": ""
        }
    ],
    "location": [
        [
            {
                "param": "page_template",
                "operator": "==",
                "value": "page-templates\/about.php"
            }
        ]
    ],
    "menu_order": 2,
    "position": "normal",
    "style": "default",
    "label_placement": "top",
    "instruction_placement": "label",
    "hide_on_screen": "",
    "active": 1,
    "description": "Page - About",
    "modified": 1603474963
}